attempt,start_time,end_time,duration_seconds,score,result,code_file
1,2026-03-07 08:04:11,2026-03-07 08:05:28,77,79,discrepancy,generated_analysis.py
2,2026-03-07 08:07:17,2026-03-07 08:09:46,149,79,discrepancy,generated_analysis_retry_2.py
3,2026-03-07 08:10:27,2026-03-07 08:11:50,83,79,discrepancy,generated_analysis_retry_3.py
4,2026-03-07 08:12:35,2026-03-07 08:15:11,156,83,discrepancy,generated_analysis_retry_4.py
5,2026-03-07 08:15:55,2026-03-07 08:17:27,92,83,discrepancy,generated_analysis_retry_5.py
6,2026-03-07 08:17:53,2026-03-07 08:19:26,93,83,discrepancy,generated_analysis_retry_6.py
7,2026-03-07 08:19:58,2026-03-07 08:21:22,84,82,discrepancy,generated_analysis_retry_7.py
8,2026-03-07 08:22:01,2026-03-07 08:23:13,72,85,discrepancy,generated_analysis_retry_8.py
9,2026-03-07 08:24:09,2026-03-07 08:25:37,88,85,discrepancy,generated_analysis_retry_9.py
10,2026-03-07 08:26:20,2026-03-07 08:27:56,96,85,discrepancy,generated_analysis_retry_10.py
11,2026-03-07 08:28:53,2026-03-07 08:31:21,148,86,discrepancy,generated_analysis_retry_11.py
12,2026-03-07 08:33:10,2026-03-07 08:34:33,83,86,discrepancy,generated_analysis_retry_12.py
13,2026-03-07 08:35:24,2026-03-07 08:37:00,96,86,discrepancy,generated_analysis_retry_13.py
14,2026-03-07 08:38:17,2026-03-07 08:40:07,110,86,discrepancy,generated_analysis_retry_14.py
15,2026-03-07 08:40:49,2026-03-07 08:42:29,100,87,discrepancy,generated_analysis_retry_15.py
16,2026-03-07 08:43:30,2026-03-07 08:44:48,78,87,discrepancy,generated_analysis_retry_16.py
17,2026-03-07 08:45:31,2026-03-07 08:47:00,89,89,discrepancy,generated_analysis_retry_17.py
18,2026-03-07 08:47:54,2026-03-07 08:49:13,79,89,discrepancy,generated_analysis_retry_18.py
19,2026-03-07 08:49:56,2026-03-07 08:51:34,98,89,discrepancy,generated_analysis_retry_19.py
20,2026-03-07 08:52:11,2026-03-07 08:53:41,90,89,discrepancy,generated_analysis_retry_20.py
